"blazy href","media__image src","field","field 2","field 3","clearfix","field 4"
"https://legadoartesano.castillalamancha.es/guardianes-del-legado-artesano/yolanda-olea-rubio","https://legadoartesano.castillalamancha.es/sites/default/files/styles/embajador/public/2025-06/Foto%20ETURIA%20%285%29.jpg.webp?itok=u9cPhT5j","Yolanda","Olea Rubio","Diseñadora textil","Diseñadora textil con un enfoque sostenible basado en la recuperación y...",""
"https://legadoartesano.castillalamancha.es/guardianes-del-legado-artesano/silvia-del-mazo-fernandez","https://legadoartesano.castillalamancha.es/sites/default/files/styles/embajador/public/2025-07/Silvia%20del%20Mazo_0.jpg.webp?itok=b1f4yA-s","Silvia","del Mazo Fernández","Cerámica","Técnica alfarera y ceramista realizó sus estudios en la Escuela de Artes y...",""
"https://legadoartesano.castillalamancha.es/guardianes-del-legado-artesano/antonio-relano-luna","https://legadoartesano.castillalamancha.es/sites/default/files/styles/embajador/public/2023-11/Antonio%20Rela%C3%B1o%20vidriero%202_1%20%281%29.jpg.webp?itok=vjhGdvqT","Maestro artesano","Antonio","Relaño Luna","Nos dedicamos a la fabricación de todo tipo de vidrieras y de espacios: techos...","Cerámica, Vidriero"
"https://legadoartesano.castillalamancha.es/guardianes-del-legado-artesano/juan-andres-barbero-garcia","https://legadoartesano.castillalamancha.es/sites/default/files/styles/embajador/public/2023-03/Juan%20Andres%20Barbero%20cuchillero%202%20-%20copia_0.jpg.webp?itok=PYAY_-tu","Maestro artesano","Juan Andrés","Barbero García","Barbero Cuchilleros es una empresa familiar con una tradición heredada...","Cuchillero y Navajero"
"https://legadoartesano.castillalamancha.es/guardianes-del-legado-artesano/adriana-laura-mendez-magnani","https://legadoartesano.castillalamancha.es/sites/default/files/styles/embajador/public/2025-07/Foto%20Adriana%20.pdf_page-0001_0.jpg.webp?itok=TMwT7978","Maestro artesano","Adriana Laura","Mendez Magnani","Mi nombre es Adriana, artesana especializada en joyería textil y joyería tejida...","Joyero"
"https://legadoartesano.castillalamancha.es/guardianes-del-legado-artesano/rosa-maria-rodriguez-moreno","https://legadoartesano.castillalamancha.es/sites/default/files/styles/embajador/public/2025-04/ROSA%20MARIA%20RODRIGUEZ.jpg.webp?itok=H4eI2ynl","Rosa María","Rodríguez Moreno","Cerámica","ALFARERA-CERAMISTA desde hace 35 años. Creando objetos de uso utilitario...",""
"https://legadoartesano.castillalamancha.es/guardianes-del-legado-artesano/rocio-lozano-montero","https://legadoartesano.castillalamancha.es/sites/default/files/styles/embajador/public/2023-03/Rocio%20Lozano%20Bordadora%202.jpg.webp?itok=TfP65YaP","Maestro artesano","Rocío","Lozano Montero","Artesanía Rocío Lozano es una empresa familiar dedicada a la artesanía que...","Bordado"
"https://legadoartesano.castillalamancha.es/guardianes-del-legado-artesano/asuncion-caballero-parra","https://legadoartesano.castillalamancha.es/sites/default/files/styles/embajador/public/2025-10/recorte%20%281%29.jpg.webp?itok=oSrMYBBe","Asunción","Caballero Parra","Metalistera","Asunción Caballero Parra nace en Toledo en 1971, en un entorno creativo...",""
"https://legadoartesano.castillalamancha.es/guardianes-del-legado-artesano/mary-astrid-collet-foche","https://legadoartesano.castillalamancha.es/sites/default/files/styles/embajador/public/2024-06/IMG_20240625_160330_0.jpg.webp?itok=-AGcI3qc","Mary-Astrid","Collet Foche","Joyera","Hija, nieta y sobrina de arquitectos, Mary-Astrid COLLET, desde muy joven, se...",""
"https://legadoartesano.castillalamancha.es/guardianes-del-legado-artesano/agnelio-serrano-tolmo","https://legadoartesano.castillalamancha.es/sites/default/files/styles/embajador/public/2024-10/FOTO%20AGNELIO_0.jpg.webp?itok=4blSnyOd","Maestro artesano","Agnelio","Serrano Tolmo","Comencé en el oficio de broncista en el año 1.997. Aunque desde mucho antes...","Broncista"
"https://legadoartesano.castillalamancha.es/guardianes-del-legado-artesano/susana-munoz-ros","https://legadoartesano.castillalamancha.es/sites/default/files/styles/embajador/public/2025-04/IMG_20250116_204813_page-0001_0.jpg.webp?itok=muf96QFq","Susana","Muñoz Ros","Decoradora textil","Hola, soy Susana, la diseñadora, patronista, costurera, fotógrafa y...",""
"https://legadoartesano.castillalamancha.es/guardianes-del-legado-artesano/francisco-lopez-de-la-isidra-prieto","https://legadoartesano.castillalamancha.es/sites/default/files/styles/embajador/public/2025-07/IMG-20250725-WA0001.jpg.webp?itok=nq-I1hb5","Francisco","López de la Isidra Prieto","Navajero","Empezamos con mi padre a la cabeza desde que tengo uso de razón, y voy hacer 59...",""
"https://legadoartesano.castillalamancha.es/guardianes-del-legado-artesano/mario-fernandez-de-la-cal","https://legadoartesano.castillalamancha.es/sites/default/files/styles/embajador/public/2024-02/Mario%20Fern%C3%A1ndez%20de%20la%20Cal%20Cer%C3%A1mica%202.jpg.webp?itok=ArhBzhad","Mario","Fernández de la Cal","Cerámica","Fábrica de cerámica artística tradicional ubicada en la población toledana de El...",""
"https://legadoartesano.castillalamancha.es/guardianes-del-legado-artesano/antonio-hernansanz-gonzalez","https://legadoartesano.castillalamancha.es/sites/default/files/styles/embajador/public/2023-03/Antonio%20Hernansanz%20Ceramista%202%20-%20copia.jpg.webp?itok=fIs-Az8e","Maestro artesano","Antonio","Hernansanz  Gonzalez","Ceramista por tradición familiar mezcló alfarería a torno con técnicas actuales...","Alfarero"
"https://legadoartesano.castillalamancha.es/guardianes-del-legado-artesano/paloma-suela-pino","https://legadoartesano.castillalamancha.es/sites/default/files/styles/embajador/public/2024-05/1000055170%20%284%29.jpg.webp?itok=y-ruFFQ_","Paloma","Suela Pino","Labrandera","Artesana (Labrandera) del bordado. Pertenezco a la cuarta generación, que se...",""
"https://legadoartesano.castillalamancha.es/guardianes-del-legado-artesano/antonio-sanchez-sanchez","https://legadoartesano.castillalamancha.es/sites/default/files/styles/embajador/public/2023-06/Antonio%20S%C3%A1nchez%20Tallista%202_0.jpg.webp?itok=WPrh0rzD","Maestro artesano","Antonio","Sánchez Sánchez","Formó su propio taller de tallado y escultura. Nunca ha trabajado con copiadores...","Tallista de Madera"
"https://legadoartesano.castillalamancha.es/guardianes-del-legado-artesano/maarten-van-ham","https://legadoartesano.castillalamancha.es/sites/default/files/styles/embajador/public/2024-08/artesano%20blanco%20y%20negro%20%283%29.jpg.webp?itok=_FCoTdP8","Maarten","van Ham","Tornero y cerámica","PREMIOS OBTENIDOS: Premio Diseño Aplicado a la Artesanía 2025 OFICIO: Después...",""
"https://legadoartesano.castillalamancha.es/guardianes-del-legado-artesano/isaac-garcia-melchor","https://legadoartesano.castillalamancha.es/sites/default/files/styles/embajador/public/2023-06/Isaac%20Garc%C3%ADa%20Carpintero%204%20%281%29.jpg.webp?itok=rFHTbl5E","Maestro artesano","Isaac","García Melchor","Oficio cuyo origen se remonta a la época prehistórica, debido al empleo de un...","Carpintero"
"https://legadoartesano.castillalamancha.es/guardianes-del-legado-artesano/elena-martin-tejeiro","https://legadoartesano.castillalamancha.es/sites/default/files/styles/embajador/public/2025-09/5938185740540310793%20%284%29.jpg.webp?itok=yyckZPBG","Elena","Martín Tejeiro","Cerámica","Elena Martín Tejeiro es una artesana ceramista cuya trayectoria destaca por su...",""
"https://legadoartesano.castillalamancha.es/guardianes-del-legado-artesano/jose-martinez-soler","https://legadoartesano.castillalamancha.es/sites/default/files/styles/embajador/public/2025-07/1000147066_0.jpg.webp?itok=1UV-VhiE","José","Martínez Soler","Restaurador","Arts Liétor es una empresa dedicada a la conservación y restauración del...",""
"https://legadoartesano.castillalamancha.es/guardianes-del-legado-artesano/francisco-moreno-benito-0","https://legadoartesano.castillalamancha.es/sites/default/files/styles/embajador/public/2025-07/IMG_20250711_111647~2.jpg.webp?itok=5gQxg6Vl","Francisco","Moreno Benito","Alfarero","Crecí en la alfarería que regentaba mi padre, Gabriel Moreno Toledano, desde muy...",""
"https://legadoartesano.castillalamancha.es/guardianes-del-legado-artesano/manuel-zabala-avila","https://legadoartesano.castillalamancha.es/sites/default/files/styles/embajador/public/2023-06/Manuel%20Zabala%20ceramista%202%20%281%29.jpg.webp?itok=qX7aocBH","Maestro artesano","Manuel","Zabala Avíla","Manolo Zabala es un maestro alfarero, título concedido por la Junta de...","Alfarero"
"https://legadoartesano.castillalamancha.es/guardianes-del-legado-artesano/carmen-del-olmo-camarillo","https://legadoartesano.castillalamancha.es/sites/default/files/styles/embajador/public/2023-09/Carmen%20del%20Olmo%20marroquiner%C3%ADa%202%20-%20copia%20%281%29.jpg.webp?itok=P39cewZt","Maestro artesano","Carmen","del Olmo Camarillo","PREMIOS OBTENIDOS Premio Diseño Aplicado a la Artesanía 2018. OFICIO Carmen del...","Marroquinería y Bolsera"
"https://legadoartesano.castillalamancha.es/guardianes-del-legado-artesano/julio-cesar-ramirez-romero","https://legadoartesano.castillalamancha.es/sites/default/files/styles/embajador/public/2024-09/FOTO%20JULIO.jpeg.webp?itok=zlK_W3mg","Julio César","Ramírez Romero","Espadero","En 1998 inicio el contacto con las espadas a través de un grupo de recreación...",""
"https://legadoartesano.castillalamancha.es/guardianes-del-legado-artesano/maria-angeles-delgado-lopez","https://legadoartesano.castillalamancha.es/sites/default/files/styles/embajador/public/2025-10/recortada%20PGM_1722%20BN.jpg.webp?itok=YIju6TKm","María Ángeles","Delgado López","Metalisera","PREMIOS OBTENIDOS: Premio Emprendimiento 2019. Premio al Merito Artesano 2022...",""
"https://legadoartesano.castillalamancha.es/guardianes-del-legado-artesano/mariano-san-felix-martin","https://legadoartesano.castillalamancha.es/sites/default/files/styles/embajador/public/2023-03/Mariano%20san%20felix%202%20-%20copia_1.jpg.webp?itok=v7PbEMBI","Maestro artesano","Mariano","San Félix Martin","Es el oficio artesanal con el que se elaboran los preciados damasquinados. El...","Damasquinado"
"https://legadoartesano.castillalamancha.es/guardianes-del-legado-artesano/maria-jose-sanchez-diezma-martin-de-la-torre","https://legadoartesano.castillalamancha.es/sites/default/files/styles/embajador/public/2025-09/Foto.MJS-D_0.jpg.webp?itok=R3xJF5fs","María José","Sánchez-Diezma Martín de la Torre","Bordado","María José Sánchez-Diezma es bordadora y creadora textil. Su perfil polifacético...",""
"https://legadoartesano.castillalamancha.es/guardianes-del-legado-artesano/rosario-mesas-lopez","https://legadoartesano.castillalamancha.es/sites/default/files/styles/embajador/public/2025-07/ARTESANA.jpg.webp?itok=86EvwM9c","Rosario","Mesas López","Diseñadora textil","Mujer emprendedora de San Clemente (Cuenca), con 61 años y una vida profesional...",""
"https://legadoartesano.castillalamancha.es/guardianes-del-legado-artesano/felipe-zabala-avila","https://legadoartesano.castillalamancha.es/sites/default/files/styles/embajador/public/2025-07/FELIPE_page-0001%20%282%29%20%282%29_0.jpg.webp?itok=wt5dNA7v","Felipe","Zabala Ávila","Alfarero","Soy un artesano de la alfarería y cerámica en la localidad de Puente del...",""
"https://legadoartesano.castillalamancha.es/guardianes-del-legado-artesano/ana-belen-de-la-cal-bueno","https://legadoartesano.castillalamancha.es/sites/default/files/styles/embajador/public/2023-12/Ana%20Belen%20de%20la%20Cal%20ceramica%202.jpg.webp?itok=GpUk-APc","Maestro artesano","Ana Belén","de la Cal Bueno","Entre Talavera de la Reina y Guadalupe se encuentra la noble villa de Puente del...","Cerámica"
"https://legadoartesano.castillalamancha.es/guardianes-del-legado-artesano/begona-nunez-de-arenas-caraballo","https://legadoartesano.castillalamancha.es/sites/default/files/styles/embajador/public/2024-08/Foto_artesana_legado_BN-Tocados.jpg.webp?itok=BAeLUeKf","Begoña","Núñez de Arenas Caraballo","Sombrerera","Soy Begoña, fundadora de Bn Tocados y complementos, empresa que nació en el año...",""
"https://legadoartesano.castillalamancha.es/guardianes-del-legado-artesano/bienvenido-carrasco-fletes","https://legadoartesano.castillalamancha.es/sites/default/files/styles/embajador/public/2023-03/Bienvenido%20Carrasco%20ceramista%202_0.jpg.webp?itok=k1izr_8Q","Maestro artesano","Bienvenido","Carrasco Fletes","Cerámica fundada en 1.989 por Bienvenido Carrasco Fletes, tras llevar 10 años...","Cerámica"
"https://legadoartesano.castillalamancha.es/guardianes-del-legado-artesano/juan-antonio-escobar-gomez","https://legadoartesano.castillalamancha.es/sites/default/files/styles/embajador/public/2023-03/Juan%20Antonio%20Escobar%20ceramista%202%20-%20copia.jpg.webp?itok=yXNPQXxl","Maestro artesano","Juan Antonio","Escobar Gómez","PREMIOS OBTENIDOS: Placa al Mérito Artesano 2023 Cerámica Juan Antonio Escobar...","Cerámica"
"https://legadoartesano.castillalamancha.es/guardianes-del-legado-artesano/macarena-sanz-sanchez","https://legadoartesano.castillalamancha.es/sites/default/files/styles/embajador/public/2023-03/Macarena%20Sanz%20bordadora%202%20-%20copia.jpg.webp?itok=GMtyl0vt","Maestro artesano","Macarena","Sanz Sanchez","En este taller artesano se elaboran todo tipo de piezas que contienen como...","Bordado"
"https://legadoartesano.castillalamancha.es/guardianes-del-legado-artesano/raquel-berea-amenedo","https://legadoartesano.castillalamancha.es/sites/default/files/styles/embajador/public/2024-03/Raquel%20Berea%20cuero%202.jpg.webp?itok=hwKk6U13","Raquel","Berea Amenedo","Marroquinería","PREMIOS OBTENIDOS Premio Diseño Aplicado a la Artesanía 2017. Finalista premio...",""
"https://legadoartesano.castillalamancha.es/guardianes-del-legado-artesano/pablo-enrique-de-lucas-tortajada","https://legadoartesano.castillalamancha.es/sites/default/files/styles/embajador/public/2023-03/Enrique%20Tortajada%20tallista%202%20-%20copia.jpg.webp?itok=k4zEETcI","Maestro artesano","Pablo Enrique","de Lucas Tortajada","Es el artesano que realiza piezas a mano en piedra natural. Escoplos, martillos...","Tallista de piedra y marmol"
"https://legadoartesano.castillalamancha.es/guardianes-del-legado-artesano/maravillas-lopez-girado","https://legadoartesano.castillalamancha.es/sites/default/files/styles/embajador/public/2024-09/PHOTO-2024-09-19-14-51-20.jpg.webp?itok=bQHVSIjL","Maravillas","López Girado","Cerámica","Recuperar el arte olvidado. La loza Hellinera tiene unos dibujos de vajillas...",""
"https://legadoartesano.castillalamancha.es/guardianes-del-legado-artesano/santos-romero-vargas","https://legadoartesano.castillalamancha.es/sites/default/files/styles/embajador/public/2023-07/Santos%20Romero%20carpintero%202.jpg.webp?itok=89N-fnLF","Maestro artesano","Santos","Romero Vargas","Pendiente","Carpintero"
"https://legadoartesano.castillalamancha.es/guardianes-del-legado-artesano/elisa-menchero-garrido","https://legadoartesano.castillalamancha.es/sites/default/files/styles/embajador/public/2025-04/ELISA-MENCHERO-BN_LegadoArtesano_altaweb.jpg.webp?itok=ZxRF9fDm","Elisa","Menchero Garrido","Cerámica y Esparto","PREMIOS OBTENIDOS Premio Emprendimiento 2026 OFICIO: Soy Elisa Menchero...",""
"https://legadoartesano.castillalamancha.es/guardianes-del-legado-artesano/celia-juan-sanchez","https://legadoartesano.castillalamancha.es/sites/default/files/styles/embajador/public/2024-12/PHOTO-2024-10-09-11-43-01_1.jpg.webp?itok=YfE6cllx","Celia","Juan Sánchez","Cerámica","Pipa & Happy somos Celia y Rocío, nos conocimos con solo 2 años, ambas nos...",""
"https://legadoartesano.castillalamancha.es/guardianes-del-legado-artesano/maria-amores-del-rey","https://legadoartesano.castillalamancha.es/sites/default/files/styles/embajador/public/2025-04/image2.jpeg.webp?itok=d3j0_YR7","María","Amores del Rey","Cerámica","Mis botas estuvieron llenas de barro y ahora, también mis manos en mi taller...",""
"https://legadoartesano.castillalamancha.es/guardianes-del-legado-artesano/maximiliano-lozano-garcia-0","https://legadoartesano.castillalamancha.es/sites/default/files/styles/embajador/public/2024-10/IMG_20240930_185120.jpg.webp?itok=BQAkt9jr","Maximiliano","Lozano García","Broncista","En el año 1973, con 14 años acabé mi periodo escolar, en Noviembre de ese mismo...",""
"https://legadoartesano.castillalamancha.es/guardianes-del-legado-artesano/adrian-peno-gallego","https://legadoartesano.castillalamancha.es/sites/default/files/styles/embajador/public/2024-02/Adri%C3%A1n%20Pe%C3%B1o%20Cer%C3%A1mica%202_0.jpg.webp?itok=oEyBRggR","Adrián","Peño Gallego","Cerámica","La alfarería lleva el nombre de Gregorio Peño por Gregorio Peño González padre...",""
"https://legadoartesano.castillalamancha.es/guardianes-del-legado-artesano/raul-lopez-de-agustin","https://legadoartesano.castillalamancha.es/sites/default/files/styles/embajador/public/2024-05/raul%20foto.jpg.webp?itok=d4RcxFSI","Raúl","López de Agustin","Tallista de piedra y marmol","Mi trayectoria, empezó estudiando Artes Aplicadas y Oficios, desde ahí empezó mi...",""
"https://legadoartesano.castillalamancha.es/guardianes-del-legado-artesano/ana-ubeda-cuesta","https://legadoartesano.castillalamancha.es/sites/default/files/styles/embajador/public/2024-03/FOTO%20EN%20BLANCO%20Y%20NEGRO1.jpg.webp?itok=XJtK_5Lc","Maestro artesano","Ana","Úbeda Cuesta","Artesana del vidrio desde el año 2000. Formación con prestigiosos maestros en la...","Vidriera"
"https://legadoartesano.castillalamancha.es/guardianes-del-legado-artesano/beatriz-munoz-torres","https://legadoartesano.castillalamancha.es/sites/default/files/styles/embajador/public/2024-08/FOTO_page-0001_0.jpg.webp?itok=mJpL9WZI","Beatriz","Muñoz Torres","Cerámica","Me gusta el carácter utilitario de la cerámica, crear piezas para su disfrute...",""
"https://legadoartesano.castillalamancha.es/guardianes-del-legado-artesano/jesus-alba-mansilla","https://legadoartesano.castillalamancha.es/sites/default/files/styles/embajador/public/2023-09/Jes%C3%BAs%20Alba%20herrero%202.jpg.webp?itok=Pi2ihPFy","Maestro artesano","Jesús","Alba Mansilla","Alba Artemetal, es una pequeña empresa familiar que ha trabajado el hierro en...","Forjado, Herrero"
"https://legadoartesano.castillalamancha.es/guardianes-del-legado-artesano/marta-gonzalez-palacios","https://legadoartesano.castillalamancha.es/sites/default/files/styles/embajador/public/2025-11/II%20Marta%20artesana%20%283%29.jpg.webp?itok=Wa2HAtyj","Marta","González Palacios","Cerámica","Marta González es diseñadora gráfica de formación y ceramista de corazón...",""
"https://legadoartesano.castillalamancha.es/guardianes-del-legado-artesano/angel-peno-gallego","https://legadoartesano.castillalamancha.es/sites/default/files/styles/embajador/public/2024-02/%C3%81ngel%20Pe%C3%B1o%20Cer%C3%A1mica%202.jpg.webp?itok=Po8Iec2A","Angel","Peño Gallego","Alfarero","La alfarería lleva el nombre de Gregorio Peño por Gregorio Peño González padre...",""
"https://legadoartesano.castillalamancha.es/guardianes-del-legado-artesano/joaquin-garcia-huertos-diaz-tendero","https://legadoartesano.castillalamancha.es/sites/default/files/styles/embajador/public/2023-06/Joaqu%C3%ADn%20Garc%C3%ADa-Huertos%202.jpg.webp?itok=L9DRhsYg","Maestro artesano","Joaquin","García-Huertos Díaz-Tendero","Es el oficio del artesano que trabaja el cuero. La palabra marroquinera tiene...","Marroquinero Guarnicionero"
"https://legadoartesano.castillalamancha.es/guardianes-del-legado-artesano/monica-garcia-del-pino-beneitez-ruiz-de-luna","https://legadoartesano.castillalamancha.es/sites/default/files/styles/embajador/public/2024-02/M%C3%B3nica%20Garc%C3%ADa%20del%20Pino%20San%20Gines%202%20%283%29.jpg.webp?itok=I4JUx_1f","Maestro artesano","Mónica","García del Pino Beneitez Ruiz de Luna","Cerámica Artística San Ginés es una empresa española que se dedica a la...","Cerámica"
"https://legadoartesano.castillalamancha.es/guardianes-del-legado-artesano/isabel-vernon-pinel","https://legadoartesano.castillalamancha.es/sites/default/files/styles/embajador/public/2024-12/Artesana%20Isabel%20Vernon_0.png.webp?itok=zACBS7Tl","Isabel","Vernon Pinel","Cerámica","It´s a Belle fue creada en 2021 por Isabel Vernon Pinel, impulsada por su...",""
"https://legadoartesano.castillalamancha.es/guardianes-del-legado-artesano/celia-martin-roman","https://legadoartesano.castillalamancha.es/sites/default/files/styles/embajador/public/2024-08/_3JS6610_0.jpg.webp?itok=p82F1cr6","Celia","Martin Roman","Cerámica","Cerámica Celia se trata de un pequeño taller de cerámica situado en la localidad...",""
"https://legadoartesano.castillalamancha.es/guardianes-del-legado-artesano/juan-miguel-alia-de-las-heras","https://legadoartesano.castillalamancha.es/sites/default/files/styles/embajador/public/2023-03/Juan%20Miguel%20Alia%20ceramista%202%20-%20copia.jpg.webp?itok=RIZL_rWM","Maestro artesano","Juan Miguel","Alía de las Heras","Maestro de torno alfarero. Elaboración de todo tipo de piezas de cerámicaen el...","Alfarero"
"https://legadoartesano.castillalamancha.es/guardianes-del-legado-artesano/benjamin-ramirez-martinez","https://legadoartesano.castillalamancha.es/sites/default/files/styles/embajador/public/2025-07/Dise%C3%B1o%20sin%20t%C3%ADtulo%20%281%29%20%281%29.jpg.webp?itok=x1c4nR_H","Benjamín","Ramírez Martínez","Tallista de piedra y marmol","Proveniente de una familia dedicada a la construcción, Benjamín Ramírez (Cuenca...",""
"https://legadoartesano.castillalamancha.es/guardianes-del-legado-artesano/aurelio-arce-aguilar","https://legadoartesano.castillalamancha.es/sites/default/files/styles/embajador/public/2024-05/2.%20foto%20en%20blanco%20y%20negro.jpg.webp?itok=s9etoZ9e","Aurelio","Arce Aguilar","Tornero","Aurelio Arce Aguilar, tornero autodidacta desde hace dos años, cuenta ya con una...",""
"https://legadoartesano.castillalamancha.es/guardianes-del-legado-artesano/juan-luis-vergara-gallego","https://legadoartesano.castillalamancha.es/sites/default/files/styles/embajador/public/2023-10/Juan%20Luis%20Vergara%20cuchillero%202.jpg.webp?itok=jPHL5Hal","Maestro artesano","Juan Luis","Vergara Gallego","Pendiente","Cuchillero y Navajero"
"https://legadoartesano.castillalamancha.es/guardianes-del-legado-artesano/ramon-cobo-zarco","https://legadoartesano.castillalamancha.es/sites/default/files/styles/embajador/public/2024-06/WhatsApp%20Image%202024-05-23%20at%2011.28.40%20%281%29%20%281%29.jpeg.webp?itok=o56P98ls","Maestro artesano","Ramón","Cobo Zarco","Con el objetivo de devolver el valor y la dignidad perdida a la lana y sus...","Tejedor"
"https://legadoartesano.castillalamancha.es/guardianes-del-legado-artesano/raquel-lopez-domarco","https://legadoartesano.castillalamancha.es/sites/default/files/styles/embajador/public/2024-03/Raquel%20L%C3%B3pez%20dise%C3%B1adora%202.jpg.webp?itok=wug1RScd","Raquel","López Domarco","Diseñadora","DISEÑADORA Dedicada al diseño y la artesanía de piezas de novia e invitadas...",""
"https://legadoartesano.castillalamancha.es/guardianes-del-legado-artesano/lorenzo-cubas-navarro","https://legadoartesano.castillalamancha.es/sites/default/files/styles/embajador/public/2024-09/WhatsApp%20Image%202024-09-15%20at%2017.56.37_0.jpeg.webp?itok=KTLolT3y","Lorenzo","Cubas Navarro","Tallista de Piedra y Mármol","Aunque en Alcalá del Júcar, siempre a habido tradición de cantería, el oficio no...",""
"https://legadoartesano.castillalamancha.es/guardianes-del-legado-artesano/maria-de-los-angeles-herrero-comendador","https://legadoartesano.castillalamancha.es/sites/default/files/styles/embajador/public/2025-06/Foto%20sentada.png.webp?itok=Cozd5BoD","Maestro artesano","María de los Angeles","Herrero Comendador","Mi pasión por el teñido textil comenzó durante mis estudios en la Escuela de...","Decoradora de telas"
"https://legadoartesano.castillalamancha.es/guardianes-del-legado-artesano/blanca-olmos","https://legadoartesano.castillalamancha.es/sites/default/files/styles/embajador/public/2025-09/Blanca%20Olmos%20Studio_1_0.jpeg.webp?itok=bGNol9P9","Blanca","Olmos","Cerámica","Después de formarme como diseñadora de moda y en gráfica textil, inicié mi...",""
"https://legadoartesano.castillalamancha.es/guardianes-del-legado-artesano/juan-carlos-albarran-montealegre","https://legadoartesano.castillalamancha.es/sites/default/files/styles/embajador/public/2024-02/Juan%20Carlos%20Albarr%C3%A1n%20Centro%20Cer%C3%A1mico%202_0.jpg.webp?itok=5j8AEwpX","Juan Carlos","Albarrán Montealegre","Cerámica","Centro Cerámico Talavera, abrió su taller en 1992. Un proyecto dedicado a la...",""
"https://legadoartesano.castillalamancha.es/guardianes-del-legado-artesano/rocio-gil-almendros","https://legadoartesano.castillalamancha.es/sites/default/files/styles/embajador/public/2024-12/PHOTO-2024-10-09-11-42-58_0.jpg.webp?itok=Q8k7iDYD","Rocio","Gil Almendros","Cerámica","Pipa & Happy somos Celia y Rocío, nos conocimos con solo 2 años, ambas nos...",""
"https://legadoartesano.castillalamancha.es/guardianes-del-legado-artesano/maria-del-carmen-manzano-moreno","https://legadoartesano.castillalamancha.es/sites/default/files/styles/embajador/public/2023-07/Maria%20del%20Carmen%20Manzano%20bordadora%202%20%285%29.jpg.webp?itok=aOYecBhE","Maestro artesano","María del Carmen","Manzano Moreno","PREMIOS OBTENIDOS Placa al Mérito Artesano 2023 Al frente del taller siguen...","Encajera"
"https://legadoartesano.castillalamancha.es/guardianes-del-legado-artesano/antonio-martin-diaz","https://legadoartesano.castillalamancha.es/sites/default/files/styles/embajador/public/2024-10/Antonio%20Mart%C3%ADn%20Cer%C3%A1mica%202.jpg.webp?itok=ZsiAMGq0","Maestro artesano","Antonio","Martín Díaz","Desde sus inicios como aprendiz en ""Artesanía Talaverana S. L."" bajo la...","Cerámica"
"https://legadoartesano.castillalamancha.es/guardianes-del-legado-artesano/ana-belen-flores-del-castillo","https://legadoartesano.castillalamancha.es/sites/default/files/styles/embajador/public/2024-08/Work%20shop%20Manos%20de%20lana%20%20%2815%29%20%285%29.jpg.webp?itok=8arWb7iZ","Ana Belén","Flores del Castillo","Tejedora","¡Hola! Soy Ana representante de la Empresa artesana MANOS DE LANA. De las manos...",""
"https://legadoartesano.castillalamancha.es/guardianes-del-legado-artesano/severiano-sanchez-alarcos-carrasco","https://legadoartesano.castillalamancha.es/sites/default/files/styles/embajador/public/2024-10/Severiano.jpg.webp?itok=JgsU6lxS","Severiano","Sánchez-Alarcos Carrasco","Tallista de piedra y marmol","Con más de 30 años de experiencia como artesano en el mundo de la piedra natural...",""
"https://legadoartesano.castillalamancha.es/guardianes-del-legado-artesano/jose-exposito-picazo","https://legadoartesano.castillalamancha.es/sites/default/files/styles/embajador/public/2023-11/Jose%20Exposito%20cuchillero%202%20%285%29.jpg.webp?itok=-Nlqlle6","Maestro artesano","José","Expósito Picazo","Cuchillería Artesana de Albacete. Más de 100 años haciendo navajas y cuchillos...","Cuchillero y Navajero"
"https://legadoartesano.castillalamancha.es/guardianes-del-legado-artesano/esther-villajos-toledo","https://legadoartesano.castillalamancha.es/sites/default/files/styles/embajador/public/2024-08/1722877179803_1.jpg.webp?itok=hpdIDXf8","Esther","Villajos Toledo","Marroquinera y Repujadora","Mi nombre es Esther, y desde siempre me ha gustado usar mis manos como...",""
"https://legadoartesano.castillalamancha.es/guardianes-del-legado-artesano/sandra-sarria-garcia","https://legadoartesano.castillalamancha.es/sites/default/files/styles/embajador/public/2025-06/IMG20250622195820%20%281%29%20%285%29%20%281%29.jpg.webp?itok=ue1vl10H","Sandra","Sarria García","Joyera","Soy joyera y cuarta generación de una familia dedicada a este oficio. Nací y...",""
"https://legadoartesano.castillalamancha.es/guardianes-del-legado-artesano/ramon-gonzalez-carlos","https://legadoartesano.castillalamancha.es/sites/default/files/styles/embajador/public/2024-11/IMG_7808_0.jpg.webp?itok=i-shUeCP","Maestro artesano","Ramón","Gónzalez Carlos","Comencé mi trayectoria profesional a los 20 años como cuchillero y con 38 años...","Cuchillero y Navajero"
"https://legadoartesano.castillalamancha.es/guardianes-del-legado-artesano/amparo-blazquez-sierra","https://legadoartesano.castillalamancha.es/sites/default/files/styles/embajador/public/2024-09/IMG_20240831_203330.jpg.webp?itok=rV5wa79-","Amparo","Blázquez Sierra","Cerámica Decoradora de telas","Empezaré diciendo que no conozco otro medio de expresarme que no sea a través de...",""
"https://legadoartesano.castillalamancha.es/guardianes-del-legado-artesano/vladimir-oscar-de-la-rosa-elisea","https://legadoartesano.castillalamancha.es/sites/default/files/styles/embajador/public/2025-11/yo_0.jpg.jpg.webp?itok=EZvGXkpr","Vladimir Oscar","De la Rosa Elisea","Cerámica","Me inspira el arte que puede crear la cerámica al captar los momentos del...",""
"https://legadoartesano.castillalamancha.es/guardianes-del-legado-artesano/jesus-picazo-escribano","https://legadoartesano.castillalamancha.es/sites/default/files/styles/embajador/public/2024-08/foto%20personal.jpg.webp?itok=GgDquGVT","Jesús","Picazo Escribano","Carpintero","Mi aprendizaje empezó desde pequeño. Al tener la carpintería dentro de casa...",""
"https://legadoartesano.castillalamancha.es/guardianes-del-legado-artesano/fernando-garces-perez","https://legadoartesano.castillalamancha.es/sites/default/files/styles/embajador/public/2023-12/Fernando%20Garc%C3%A9s%20ceramica%202.jpg.webp?itok=W9IzoNEY","Fernando","Garcés Pérez","Cerámica","Fernando Garcés estudió en la Escuela Oficial de Cerámica de Madrid, hoy escuela...",""
"https://legadoartesano.castillalamancha.es/guardianes-del-legado-artesano/francisco-jose-perales-raya","https://legadoartesano.castillalamancha.es/sites/default/files/styles/embajador/public/2023-12/Francisco%20Jos%C3%A9%20Perales%20bordador%202.jpg.webp?itok=8qv4DBLN","Francisco José","Perales Raya","Bordador","Bordador multidisciplinar y autodidacta, comencé mi andadura en el año 1998. Si...",""
"https://legadoartesano.castillalamancha.es/guardianes-del-legado-artesano/eduardo-ortega-garcia","https://legadoartesano.castillalamancha.es/sites/default/files/styles/embajador/public/2025-06/_DSC8554%20%282%29%20%281%29.jpg.webp?itok=4illrADM","Eduardo","Ortega García","Diseñador","Eduardo es diseñador de moda, o modista que emplea las técnicas y métodos de la...",""
"https://legadoartesano.castillalamancha.es/guardianes-del-legado-artesano/ruben-adrian-navarro-valverde","https://legadoartesano.castillalamancha.es/sites/default/files/styles/embajador/public/2023-03/Ruben%20Navarro%20ceramista%202%20-%20copia.jpg.webp?itok=fNVpEXPm","Maestro artesano","Rubén Adrián","Navarro Valverde","Trabajo en mi taller de Cuenca, taller fundado por mi padre Adrián Navarro en...","Cerámica"
"https://legadoartesano.castillalamancha.es/guardianes-del-legado-artesano/isabel-rueda-perez","https://legadoartesano.castillalamancha.es/sites/default/files/styles/embajador/public/2023-11/Isabel%20Rueda%20ceramista%202%20%283%29.jpg.webp?itok=ZEGs7isZ","Maestro artesano","Isabel","Rueda Pérez","Nuestro taller, en activo desde 1988, desarrolla una cerámica al estilo...","Cerámica Decoradora de telas"
"https://legadoartesano.castillalamancha.es/guardianes-del-legado-artesano/monica-diaz-gomez","https://legadoartesano.castillalamancha.es/sites/default/files/styles/embajador/public/2025-02/Foto%20Monica%20Diaz.jpg.webp?itok=e9N5ckzl","Mónica","Díaz Gómez","Cerámica","Técnico Superior de Artes Plásticas y Diseño en Cerámica Artística obtenido en...",""
"https://legadoartesano.castillalamancha.es/guardianes-del-legado-artesano/jose-luis-esteban-huelamo","https://legadoartesano.castillalamancha.es/sites/default/files/styles/embajador/public/2025-10/image00001%20%281%29_0.jpeg.webp?itok=gKO0kbKl","José Luis","Esteban Huélamo","Forjado","Soy la tercera generación de herreros. La herrería se basa en el uso tradicional...",""
"https://legadoartesano.castillalamancha.es/guardianes-del-legado-artesano/juan-carlos-jimenez-villanueva","https://legadoartesano.castillalamancha.es/sites/default/files/styles/embajador/public/2023-07/Juan%20Carlos%20Jim%C3%A9nez%20carpintero%202.jpg.webp?itok=DU-OHGND","Maestro artesano","Juan Carlos","Jiménez Villanueva","PREMIOS OBTENIDOS: . 1º Premio Diseño aplicado a la Artesanía 2019. · 1º Premio...","Carpintero, Restaurador de muebles"
"https://legadoartesano.castillalamancha.es/guardianes-del-legado-artesano/elisa-maria-martinez-moreno","https://legadoartesano.castillalamancha.es/sites/default/files/styles/embajador/public/2024-04/20211009_163451%20%286%29.jpg.webp?itok=Xztsk8f0","Elisa María","Martínez Moreno","Marroquinería y Bolsera","La Artesanía es una inquietud que he tenido desde la infancia. En el año 2009...",""
"https://legadoartesano.castillalamancha.es/guardianes-del-legado-artesano/francisco-manuel-nava-sanchez","https://legadoartesano.castillalamancha.es/sites/default/files/styles/embajador/public/2024-08/foto-franciscomanuel.jpg.webp?itok=K7UkZGeC","Francisco Manuel","Nava Sánchez","Cerámica","Cerámica Oropesa es una empresa singular con una larga tradición artesana en la...",""
"https://legadoartesano.castillalamancha.es/guardianes-del-legado-artesano/conrado-cordoba-de-julian","https://legadoartesano.castillalamancha.es/sites/default/files/styles/embajador/public/2025-06/retrato%20blanco%20y%20negro.jpg.webp?itok=nW3nrliy","Maestro artesano","Conrado","Córdoba de Julián","Treinta y cinco años en el oficio de vidriero son los que me han aportado una...","Vidriero artístico"
"https://legadoartesano.castillalamancha.es/guardianes-del-legado-artesano/francisco-javier-gonzalez-alameda-0","https://legadoartesano.castillalamancha.es/sites/default/files/styles/embajador/public/2024-05/pro-G2KZSAaq%20%289%29.jpeg.webp?itok=LF0o9FA1","Francisco Javier","González Alameda","Ebanista","En el año 1987 junto con mi hermano formamos la empresa familiar Muebles Laura...",""
"https://legadoartesano.castillalamancha.es/guardianes-del-legado-artesano/maria-de-gracia-leal-arias","https://legadoartesano.castillalamancha.es/sites/default/files/styles/embajador/public/2024-10/legado%20artesano%20castilla-la%20mancha.jpg.webp?itok=8pBBzq-R","María de Gracia","Leal Arias","Alfarera","Alfar Arias es una familia que ha dedicado gran parte de su vida a rescatar la...",""
"https://legadoartesano.castillalamancha.es/guardianes-del-legado-artesano/patricia-ruiz-alvarez","https://legadoartesano.castillalamancha.es/sites/default/files/styles/embajador/public/2025-07/MARTINA%20HANDMADE_0.jpg.webp?itok=hXa-dydv","Patricia","Ruiz Álvarez","Diseñadora","Tras unos años de formación y trabajo en el sector forestal, llegué al mundo de...",""
"https://legadoartesano.castillalamancha.es/guardianes-del-legado-artesano/ana-maria-basanta-rodriguez","https://legadoartesano.castillalamancha.es/sites/default/files/styles/embajador/public/2023-07/Ana%20Maria%20Basanta%20restauradora%202%20%282%29%20%281%29.jpg.webp?itok=WzubVvVV","Maestro artesano","Ana María","Basanta Rodríguez","Empresa dedicada a la restauración de madera englobando además las disciplinas...","Restauradora, Doradora, Tapicera, Diseñadora"
"https://legadoartesano.castillalamancha.es/guardianes-del-legado-artesano/sonia-moreno-roda","https://legadoartesano.castillalamancha.es/sites/default/files/styles/embajador/public/2025-02/1%20IMG_E5789_0.jpg.webp?itok=ygBZQIFQ","Sonia","Moreno Roda","Cerámica","Artista de nacimiento descubrí la cerámica hace cinco años y quedé enganchada a...",""
"https://legadoartesano.castillalamancha.es/guardianes-del-legado-artesano/juan-luis-garcia-garcia-muro","https://legadoartesano.castillalamancha.es/sites/default/files/styles/embajador/public/2023-11/Jose%20Luis%20Garcia%20ebanista%202.jpg.webp?itok=6SxzWYBK","Maestro artesano","Juan Luis","García García-Muro","Dedicado a la elaboración de piezas, estructuras y restauración de piezas de...","Ebanista, Decorador de muebles, Dorador, Restaurador, Tallista de madera"
"https://legadoartesano.castillalamancha.es/guardianes-del-legado-artesano/gemma-gonzalez-araque","https://legadoartesano.castillalamancha.es/sites/default/files/styles/embajador/public/2024-10/Gemma%20II_0.png.webp?itok=Zlg0aFBf","Gemma","González Araque","Sombrerera","Artesana Sombrerera. Artesana repujadora de metales. Licenciada en Bellas Artes...",""
"https://legadoartesano.castillalamancha.es/guardianes-del-legado-artesano/miriam-marquez","https://legadoartesano.castillalamancha.es/sites/default/files/styles/embajador/public/2025-09/Foto%20MM%202.jpg.webp?itok=VgO4io7G","Miriam","Márquez","Diseñadora","Vengo de un pequeño pueblo de Toledo, Los Navalmorales, donde aprendí desde niña...",""
"https://legadoartesano.castillalamancha.es/guardianes-del-legado-artesano/miguel-angel-de-la-torre-serrano","https://legadoartesano.castillalamancha.es/sites/default/files/styles/embajador/public/2023-03/Miguel%20angel%20de%20la%20Torre%20carpintero%202%20-%20copia.jpg.webp?itok=9FTHKTtO","Maestro artesano","Miguel Angel","de la Torre Serrano","PREMIOS OBTENIDOS Placa al Mérito Artesano 2023. OFICIO: Miguel Ángel de la...","Juguetero"
"https://legadoartesano.castillalamancha.es/guardianes-del-legado-artesano/juan-carlos-fernandez-carrasco","https://legadoartesano.castillalamancha.es/sites/default/files/styles/embajador/public/2024-02/Juan%20Carlos%20Fern%C3%A1ndez%20Carrasco%20Cer%C3%A1mica%202.jpg.webp?itok=GzRZy_Rs","Maestro artesano","Juan Carlos","Fernández Carrasco","Entro en el taller familiar como aprendiz en junio de 1984, principalmente como...","Alfarero"
"https://legadoartesano.castillalamancha.es/guardianes-del-legado-artesano/marcial-carrasco-diaz","https://legadoartesano.castillalamancha.es/sites/default/files/styles/embajador/public/2024-02/Marcial%20Carrasco%20Cer%C3%A1mica%20Abad%202.jpg.webp?itok=O_xnDvpG","Marcial","Carrasco Díaz","Cerámica","Cerámica Abad da a conocer sus artículos a toda España puesto que hacemos ferias...",""
"https://legadoartesano.castillalamancha.es/guardianes-del-legado-artesano/rocio-del-pilar-diaz-garcia","https://legadoartesano.castillalamancha.es/sites/default/files/styles/embajador/public/2025-03/2024%20Mondema%20Artesanos-142_0.jpg.webp?itok=cyHf8vKB","Maestro artesano","Rocio del Pilar","Díaz García","PREMIOS OBTENIDOS: . 1º Premio Diseño aplicado a la Artesanía 2019. · 1º Premio...","Carpintero, Restaurador de muebles"
"https://legadoartesano.castillalamancha.es/guardianes-del-legado-artesano/jesus-medina-ramos","https://legadoartesano.castillalamancha.es/sites/default/files/styles/embajador/public/2024-08/IMG_20240821_124526_0.jpg.webp?itok=jo9XO69-","Jesús","Medina Ramos","Taxidermista","Mi trabajo es el de Taxidermista (el oficio de disecar animales para...",""
"https://legadoartesano.castillalamancha.es/guardianes-del-legado-artesano/francisco-javier-castillo-diaz","https://legadoartesano.castillalamancha.es/sites/default/files/styles/embajador/public/2023-11/Javier%20Castillo%20relojero%202%20%281%29%20%282%29.jpg.webp?itok=0_y74QG9","Maestro artesano","Francisco Javier","Castillo Díaz","Relojería Castillo. Fco. Javier Castillo Díaz, Maestro Artesano. Restauración y...","Relojero"
"https://legadoartesano.castillalamancha.es/guardianes-del-legado-artesano/jesus-polan-villalobos","https://legadoartesano.castillalamancha.es/sites/default/files/styles/embajador/public/2024-01/Jes%C3%BAs%20Pol%C3%A1n%20taxidermia%202.jpg.webp?itok=Ur2rt5Uw","Maestro artesano","Jesús","Polán Villalobos","Todo se lo agradezco a mi padre Jesús Polan, el fue muy buen taxidermista de...","Taxidermista"
"https://legadoartesano.castillalamancha.es/guardianes-del-legado-artesano/rosa-soriano-alia","https://legadoartesano.castillalamancha.es/sites/default/files/styles/embajador/public/2024-10/Foto%20Rosa%20Soriano%20Al%C3%ADa.jpg.webp?itok=P08kTUje","Maestro artesano","Rosa","Soriano Alía","Ceramista de segunda generación, he crecido ligada estrechamente a este oficio...","Cerámica"
"https://legadoartesano.castillalamancha.es/guardianes-del-legado-artesano/alvaro-martinez-mampaso","https://legadoartesano.castillalamancha.es/sites/default/files/styles/embajador/public/2025-07/%C3%81lvaro%20Mart%C3%ADnez%20Mampaso.jpg.webp?itok=ml786WG7","Álvaro","Martínez Mampaso","Artesano del papel","Desde el corazón del casco antiguo de Cuenca, mantengo vivo este legado...",""
"https://legadoartesano.castillalamancha.es/guardianes-del-legado-artesano/maria-teresa-escorza-hernandez","https://legadoartesano.castillalamancha.es/sites/default/files/styles/embajador/public/2024-10/P5300963%20%282%29.jpg.webp?itok=vEsdeRo1","María Teresa","Escorza Hernández","Cerámica","Taller de cerámica creativa, donde se utilizan todas las técnicas de cerámica...",""
"https://legadoartesano.castillalamancha.es/guardianes-del-legado-artesano/jose-bernardo-gimenez-martin","https://legadoartesano.castillalamancha.es/sites/default/files/styles/embajador/public/2024-09/PHOTO-2024-09-22-19-43-18%20%282%29_3.jpg.webp?itok=olL4Bgs5","José Bernardo","Giménez Martín","Carpintero","Soy carpintero desde 1988, soy la 4ª generación. Soy artesano Castellano...",""
"https://legadoartesano.castillalamancha.es/guardianes-del-legado-artesano/pascual-alba-mansilla","https://legadoartesano.castillalamancha.es/sites/default/files/styles/embajador/public/2023-09/Pascual%20Alba%20herrero%202.jpg.webp?itok=t1D4ZjWW","Maestro artesano","Pascual","Alba Mansilla","Alba Artemetal, es una pequeña empresa familiar que ha trabajado el hierro en...","Herrero"
"https://legadoartesano.castillalamancha.es/guardianes-del-legado-artesano/pedro-loaisa-moreno","https://legadoartesano.castillalamancha.es/sites/default/files/styles/embajador/public/2024-06/Pedro%20Loaisa%20.foto%20blanco%20y%20negro.JPG.webp?itok=lbfcjEcq","Pedro","Loaisa Moreno","Forjado","Con 18 años entre a formar parte de la Primera Escuela taller de Talavera de la...",""
"https://legadoartesano.castillalamancha.es/guardianes-del-legado-artesano/felix-angel-martinez-bravo","https://legadoartesano.castillalamancha.es/sites/default/files/styles/embajador/public/2023-07/F%C3%A9lix%20Mart%C3%ADnez%20cuchillero%202%20%282%29.jpg.webp?itok=pRKa07NY","Maestro artesano","Félix Ángel","Martínez Bravo","Cuchillería J. J. Martínez somos profesionales artesanos en la fabricación de...","Cuchillero y Navajero"
"https://legadoartesano.castillalamancha.es/guardianes-del-legado-artesano/maria-soledad-rodenas-garcia","https://legadoartesano.castillalamancha.es/sites/default/files/styles/embajador/public/2024-03/Marisol%20R%C3%B3denas%20bordados%202.jpg.webp?itok=s6A4KFEd","Maestro artesano","María Soledad","Rodenas García","Hace más de 40 años que comencé investigando esta bella artesanía del encaje de...","Encajera"
"https://legadoartesano.castillalamancha.es/guardianes-del-legado-artesano/francisco-javier-jimenez-perez","https://legadoartesano.castillalamancha.es/sites/default/files/styles/embajador/public/2023-03/Javier%20Jimenez%20Ceramista%202%20-%20copia.jpg.webp?itok=BksqaJnK","Francisco Javier","Jiménez Pérez","Cerámica","Javi Artesanía Creativa comienza su andadura en el oficio de la alfarería en el...",""
"https://legadoartesano.castillalamancha.es/guardianes-del-legado-artesano/pedro-jose-martinez-guijarro","https://legadoartesano.castillalamancha.es/sites/default/files/styles/embajador/public/2024-10/Pedro%20%283%29.png.webp?itok=6WEfYPoa","Maestro artesano","Pedro José","Martínez Guijarro","Empresa Artesana. Formador de aprendices. Experto colaborador en el grupo de...","Forjado"
"https://legadoartesano.castillalamancha.es/guardianes-del-legado-artesano/jesus-gonzalez-fernandez","https://legadoartesano.castillalamancha.es/sites/default/files/styles/embajador/public/2024-02/Jes%C3%BAs%20Gonz%C3%A1lez%20Cer%C3%A1mica%202.jpg.webp?itok=o_3LBBkk","Jesús","González Fernández","Cerámica","Cinco generaciones familiares de maestros artesanos nos avalan en la fabricación...",""
"https://legadoartesano.castillalamancha.es/guardianes-del-legado-artesano/gabriel-montalban-conesa","https://legadoartesano.castillalamancha.es/sites/default/files/styles/embajador/public/2024-10/image.png.webp?itok=EHC7SvIC","Maestro artesano","Gabriel","Montalbán Conesa","En 1992 pongo en marcha mi taller artesano, donde trabajo el repujado y grabado...","Repujado y grabado en cuero"
"https://legadoartesano.castillalamancha.es/guardianes-del-legado-artesano/ricardo-sanchez-sanchez","https://legadoartesano.castillalamancha.es/sites/default/files/styles/embajador/public/2023-03/Ricardo%20Sanchez%20cuchillero%202%20-%20copia.jpg.webp?itok=mqPU7vx-","Maestro artesano","Ricardo","Sánchez Sánchez","Nuestra industria cuchillera acumula más de 40 años de experiencia en el sector...","Cuchillero y Navajero"
"https://legadoartesano.castillalamancha.es/guardianes-del-legado-artesano/jose-antonio-martin-rodriguez","https://legadoartesano.castillalamancha.es/sites/default/files/styles/embajador/public/2023-06/Jose%20Antonio%20Martin%20Guarnicionero%202_1.jpg.webp?itok=dvL9Q_qY","Maestro artesano","José Antonio","Martín Rodríguez","El Molino de Viento dedica su actividad a la marroquinería, empezó su andadura...","Marroquinero"
"https://legadoartesano.castillalamancha.es/guardianes-del-legado-artesano/julio-cesar-anaya-garcia","https://legadoartesano.castillalamancha.es/sites/default/files/styles/embajador/public/2024-05/IMG_1541%20%281%29%20%284%29.jpg.webp?itok=OT0-VvM3","Maestro artesano","Julio Cesar","Anaya García","La empresa Forjasport, con más de 100 años de historia, fusiona tecnología...","Forjador"
"https://legadoartesano.castillalamancha.es/guardianes-del-legado-artesano/david-rodriguez-de-la-rubia-jimenez","https://legadoartesano.castillalamancha.es/sites/default/files/styles/embajador/public/2025-03/David%20BN%20-%20Taller%20%281%29%20%282%29%20%281%29.jpg.webp?itok=YD6uMtfJ","David","Rodríguez de la Rubia Jiménez","Joyero","Especialidad en joyería, Orfebrería y fundición a la cera perdida. Formado por...",""
"https://legadoartesano.castillalamancha.es/guardianes-del-legado-artesano/jose-ramon-navalon-millan","https://legadoartesano.castillalamancha.es/sites/default/files/styles/embajador/public/2023-10/Jos%C3%A9%20Ram%C3%B3n%20Naval%C3%B3n%20cencerrero%202%20-%20copia.jpg.webp?itok=6g8Z950-","Maestro artesano","José Ramón","Navalón Millán","Empecé a trabajar en la empresa de cencerros que trabajaba mi Padre en el año...","Cencerrero"
"https://legadoartesano.castillalamancha.es/guardianes-del-legado-artesano/laura-nathalia-vasquez-carreno","https://legadoartesano.castillalamancha.es/sites/default/files/styles/embajador/public/2024-07/Lumbreras%20%282%29.png.webp?itok=8waYbh7M","Laura Nathalia","Vásquez Carreño","Cerera","Soy Laura Vásquez, artesana de cerería, un oficio fascinante como relajante que...",""
"https://legadoartesano.castillalamancha.es/guardianes-del-legado-artesano/alberto-tirado-caceres","https://legadoartesano.castillalamancha.es/sites/default/files/styles/embajador/public/2023-10/Alberto%20Tirado%20Carpintero%202.jpg.webp?itok=UNHONDWb","Maestro artesano","Alberto","Tirado Cáceres","Es una empresa familiar con más de 50 años y tres generaciones de carpinteros...","Ebanista"
"https://legadoartesano.castillalamancha.es/guardianes-del-legado-artesano/teodora-garrido-sanchez","https://legadoartesano.castillalamancha.es/sites/default/files/styles/embajador/public/2023-06/Teodora%20Garrido%20Bordadora%202%20%282%29%20%281%29%20%281%29.jpg.webp?itok=DNru1i8j","Maestro artesano","Teodora","Garrido Sánchez","Bordadora desde niña, siempre entre mis bastidores, hilos y dedales.","Bordado"
"https://legadoartesano.castillalamancha.es/guardianes-del-legado-artesano/esther-martin-gomez","https://legadoartesano.castillalamancha.es/sites/default/files/styles/embajador/public/2024-04/1711126377191.jpg.webp?itok=vSx1hntC","Esther","Martín Gómez","Decoradora de muebles","Comencé como Artesana de Decoración de Madera en el año 2002. Pinto a mano...",""
"https://legadoartesano.castillalamancha.es/guardianes-del-legado-artesano/alberto-acosta-gomez","https://legadoartesano.castillalamancha.es/sites/default/files/styles/embajador/public/2024-02/Alberto%20Acosta%20Cer%C3%A1mica%202%20%282%29.jpg.webp?itok=Uj3ZKQ7_","Alberto","Acosta Gómez","Ceramica","He estado siempre trabajando en talleres dedicados a la cerámica, hasta que en...",""
"https://legadoartesano.castillalamancha.es/guardianes-del-legado-artesano/juana-maria-carrillo-garcia","https://legadoartesano.castillalamancha.es/sites/default/files/styles/embajador/public/2024-09/imagen%20personal.jpg.webp?itok=98gaqYTY","Juana María","Carrillo García","Ganchillera","Soy Juana M.ª Carrillo García (Emi para todos los que me conocen), ganchillera...",""
"https://legadoartesano.castillalamancha.es/guardianes-del-legado-artesano/gloria-escobar-gomez","https://legadoartesano.castillalamancha.es/sites/default/files/styles/embajador/public/2025-03/PHOTO-2025-03-25-11-56-01%20%281%29.jpg.webp?itok=FI2dt_nY","Gloria","Escobar Gómez","Cerámica","Cuando Gloria Escobar diseña una obra cerámica lo hace pensando en la mirada del...",""
"https://legadoartesano.castillalamancha.es/guardianes-del-legado-artesano/pablo-rubio-quintanilla-alarcos","https://legadoartesano.castillalamancha.es/sites/default/files/styles/embajador/public/2023-07/Pablo%20Rubio-Quintanilla%20ebanista%202_1%20%282%29.jpg.webp?itok=5KnWgS6h","Maestro artesano","Pablo","Rubio-Quintanilla Alarcos","Llevo toda mi vida trabajando en este oficio artesano con la misma ilusión que...","Ebanista Restaurador"
"https://legadoartesano.castillalamancha.es/guardianes-del-legado-artesano/ismael-tante-fernandez","https://legadoartesano.castillalamancha.es/sites/default/files/styles/embajador/public/2024-09/BYNISMAEL.jpg.webp?itok=AYKcyP-x","Ismael","Tante Fernández","Carpintero","Muebles Tante es una empresa del sector del mueble creada a principios de los...",""
"https://legadoartesano.castillalamancha.es/guardianes-del-legado-artesano/jose-ramon-moreno-gonzalez","https://legadoartesano.castillalamancha.es/sites/default/files/styles/embajador/public/2024-07/20240722_183513%20%283%29.jpg.webp?itok=8wqclWUS","Maestro artesano","José Ramon","Moreno Gónzalez","Soy la segunda generación de Espaderos artesanos. Empecé a mis 16 años en el...","Espadero"
"https://legadoartesano.castillalamancha.es/guardianes-del-legado-artesano/raquel-nino-martinez","https://legadoartesano.castillalamancha.es/sites/default/files/styles/embajador/public/2024-07/imagen%20blanco%20y%20negro.jpg.webp?itok=C3epbdiJ","Raquel","Niño Martínez","Joyera","Joyera Premios regionales artesanía Castilla – La Mancha 2022 – Emprendimiento...",""
"https://legadoartesano.castillalamancha.es/guardianes-del-legado-artesano/vicente-garcia-garcia","https://legadoartesano.castillalamancha.es/sites/default/files/styles/embajador/public/2024-07/IMG-20240716-WA0005.jpg.webp?itok=GothML_S","Vicente","García García","Cerámica","Dedicado a la realización de murales y creación de espacios, utilizando sólo...",""
"https://legadoartesano.castillalamancha.es/guardianes-del-legado-artesano/jesus-vicente-blasco-hernando","https://legadoartesano.castillalamancha.es/sites/default/files/styles/embajador/public/2023-09/Jes%C3%BAs%20Blasco%20botero%202_1.jpg.webp?itok=n-eNeRyk","Maestro artesano","Jesús Vicente","Blasco Hernando","Botas de vino Jesús Blasco S.L. es una empresa familiar de más cinco...","Botero Corambero"
"https://legadoartesano.castillalamancha.es/guardianes-del-legado-artesano/celia-espinosa-ferrandez","https://legadoartesano.castillalamancha.es/sites/default/files/styles/embajador/public/2025-11/CELIA%20ESPINOSA%20FERRA%CC%81NDEZ%20.JPG.webp?itok=v8_Mbg8U","Celia","Espinosa Ferrández","Cerámica","Soy Celia Espinosa, creadora de Soy La Mona, una firma artesanal con tienda en...",""
"https://legadoartesano.castillalamancha.es/guardianes-del-legado-artesano/francois-patrik-yves-boitin","https://legadoartesano.castillalamancha.es/sites/default/files/styles/embajador/public/2025-07/FRAN%C3%87OIS%20BOUTIN_0.jpg.webp?itok=n8wZlWgo","François Patrik","Yves Boitin","Restaurador","Arts Liétor es una empresa dedicada a la conservación y restauración del...",""
"https://legadoartesano.castillalamancha.es/guardianes-del-legado-artesano/pablo-jose-adeva-seijas","https://legadoartesano.castillalamancha.es/sites/default/files/styles/embajador/public/2023-10/Pablo%20Jos%C3%A9%20Adeva%20ceramica%202%20%281%29%20%281%29.jpg.webp?itok=sP5z6Qib","Maestro artesano","Pablo José","Adeva Seijas","Fundada en 1980 por Pablo J. Adeva Seijas, junto a su padre y Maestro, Pablo...","Cerámica"
"https://legadoartesano.castillalamancha.es/guardianes-del-legado-artesano/ruben-cano-cano","https://legadoartesano.castillalamancha.es/sites/default/files/styles/embajador/public/2025-01/_MG_1707.jpg.webp?itok=V0Gyqf3c","Rubén","Cano Cano","Alfarero","Rubén Cano inició su trayectoria en la alfarería en 1993, inspirado por la...",""
"https://legadoartesano.castillalamancha.es/guardianes-del-legado-artesano/antonio-benito-gigante","https://legadoartesano.castillalamancha.es/sites/default/files/styles/embajador/public/2025-05/FOTOGRAFIA%20PERSONAL.jpg.webp?itok=qcnMSbZ9","Antonio","Benito Gigante","Mosaiquista","PREMIOS OBTENIDOS 1º Premio Producto 2026 OFICIO: Soy la tercera generación en...",""
"https://legadoartesano.castillalamancha.es/guardianes-del-legado-artesano/ana-maria-sanchez-oliva","https://legadoartesano.castillalamancha.es/sites/default/files/styles/embajador/public/2025-07/66981.jpg.webp?itok=71_qDlOz","Ana María","Sánchez Oliva","Ganchillera","Me dedico profesionalmente a la artesanía hace once años, aunque sé el oficio...",""
"https://legadoartesano.castillalamancha.es/guardianes-del-legado-artesano/gregorio-medina-ramos","https://legadoartesano.castillalamancha.es/sites/default/files/styles/embajador/public/2024-08/1724236941269.jpg.webp?itok=vDPv573i","Gregorio","Medina Ramos","Taxidermista","Mi trabajo es el de Taxidermista (el oficio de disecar animales para...",""
"https://legadoartesano.castillalamancha.es/guardianes-del-legado-artesano/estela-cuadrado-galan","https://legadoartesano.castillalamancha.es/sites/default/files/styles/embajador/public/2025-11/estela%20cuadrado.jpg.webp?itok=mrs42j_7","Maestro artesano","Estela","Cuadrado Galan","Ártica Bio-Cosmética es una marca de cosmética ecológica, que nació en 2015 para...","Jabonera"
"https://legadoartesano.castillalamancha.es/guardianes-del-legado-artesano/jose-antonio-rey-pavon","https://legadoartesano.castillalamancha.es/sites/default/files/styles/embajador/public/2024-09/foto%20artesano%20blanco%20y%20negro.jpg.webp?itok=ABnB7QxI","José Antonio","Rey Pavón","Marroquinero","Trabajamos realizando producto de alta calidad en cuero el cuál es curtido en...",""
"https://legadoartesano.castillalamancha.es/guardianes-del-legado-artesano/jesus-parra-luna","https://legadoartesano.castillalamancha.es/sites/default/files/styles/embajador/public/2025-05/1%20PHOTO-2025-05-19-16-24-14_0.jpg.webp?itok=v2NVndcC","Jesús","Parra Luna","Alfarero","Alfarería tradicional y fabricación de piezas de diseño propio. Siguiendo la...",""
"https://legadoartesano.castillalamancha.es/guardianes-del-legado-artesano/maria-lorenzo-camison","https://legadoartesano.castillalamancha.es/sites/default/files/styles/embajador/public/2024-02/Mar%C3%ADa%20Camis%C3%B3n%20Alhaja%20Cer%C3%A1mica%202.jpg.webp?itok=J9-9fz9j","María","Lorenzo Camisón","Cerámica","PREMIOS OBTENIDOS Premio Producto Artesano 2022. Premio al Mejor Producto...",""
"https://legadoartesano.castillalamancha.es/guardianes-del-legado-artesano/jorge-martin-alcantara","https://legadoartesano.castillalamancha.es/sites/default/files/styles/embajador/public/2024-09/foto%20jorge%20m%20bn_2.jpg.webp?itok=vo72904t","Jorge","Martín Alcántara","Carpintero","Mi trayectoria profesional como carpintero se remonta a 1990 alcanzando más de...",""
"https://legadoartesano.castillalamancha.es/guardianes-del-legado-artesano/isabel-sanchez-canedo","https://legadoartesano.castillalamancha.es/sites/default/files/styles/embajador/public/2024-08/FOTO.jpg.webp?itok=bmUaWr30","Isabel","Sanchez Cañedo","Joyera","En 1997 empecé estudiando Gemología, después tasación y finalmente diseño de...",""
"https://legadoartesano.castillalamancha.es/guardianes-del-legado-artesano/sergio-rosa-aunon","https://legadoartesano.castillalamancha.es/sites/default/files/styles/embajador/public/2025-07/Foto%20blanco%20y%20negro.jpg.webp?itok=OTZuosGn","Maestro artesano","Sergio","Rosa Auñon","Mi artesanía esta basada en el folclore ya que mas del 80% de mi producción esta...","Tejedor"
"https://legadoartesano.castillalamancha.es/guardianes-del-legado-artesano/gustavo-del-pino-rueda","https://legadoartesano.castillalamancha.es/sites/default/files/styles/embajador/public/2024-07/gustavo%20frente%20bn_0.jpg.webp?itok=0BqLZ6QA","Maestro artesano","Gustavo","del Pino Rueda","Segunda generación de ceramistas, efectuando el relevo generacional a Isabel...","Cerámica"
"https://legadoartesano.castillalamancha.es/guardianes-del-legado-artesano/rosa-jimenez-arenas","https://legadoartesano.castillalamancha.es/sites/default/files/styles/embajador/public/2024-05/image_123650291.JPG.webp?itok=SbM2lnXg","Rosa","Jiménez Arenas","Cerámica","Rosa Jiménez Arenas es diseñadora de producto y ceramista creadora de la marca...",""
"https://legadoartesano.castillalamancha.es/guardianes-del-legado-artesano/manuel-fernandez-rovira","https://legadoartesano.castillalamancha.es/sites/default/files/styles/embajador/public/2023-10/Manuel%20Fern%C3%A1ndez%20cuchillero%202.jpg.webp?itok=PnhgDwvs","Maestro artesano","Manuel","Fernández Rovira","Cuchillería Artesana Fernández es una empresa ubicada en la provincia de...","Cuchillero Grabador"
"https://legadoartesano.castillalamancha.es/guardianes-del-legado-artesano/hamid-mihanyar","https://legadoartesano.castillalamancha.es/sites/default/files/styles/embajador/public/2025-03/IMG_4293.jpeg.webp?itok=bmYc2fa7","Hamid","Mihanyar","Marroquinera","Soy un artesano y marroquinero con más de 16 años de experiencia en el diseño y...",""
"https://legadoartesano.castillalamancha.es/guardianes-del-legado-artesano/francisco-javier-gutierrez-garcia","https://legadoartesano.castillalamancha.es/sites/default/files/styles/embajador/public/2025-07/FOTO%20ANFAJAMI%20%281%29.jpg.webp?itok=2nZufTs4","Francisco Javier","Gutierrez García","Marroquinero","Todo empezó cuando tenia 17 años, recién acabado la E.G.B. como decidí no seguir...",""
"https://legadoartesano.castillalamancha.es/guardianes-del-legado-artesano/alvaro-navarro-cotroneo","https://legadoartesano.castillalamancha.es/sites/default/files/styles/embajador/public/2025-07/foto%20Alvaro%20b.n%20%283%29.jpg.webp?itok=IyXQjckq","Alvaro","Navarro Cotroneo","Cerámica","FORMACIÓN Y TRAYECTORIA TALLER: Ceramista. Escuela Municipal de Cerámica de la...",""
"https://legadoartesano.castillalamancha.es/guardianes-del-legado-artesano/jose-gabriel-martinez-molina","https://legadoartesano.castillalamancha.es/sites/default/files/styles/embajador/public/2023-03/Jose%20Gabriel%20Martinez%20cuchillero%202%20-%20copia.jpg.webp?itok=UgswwmCp","Maestro artesano","José Gabriel","Martínez Molina","Es el oficio del artesano que fabrica cuchillos, navajas u otros instrumentos...","Cuchillero y Navajero"
"https://legadoartesano.castillalamancha.es/guardianes-del-legado-artesano/maria-genoveva-hita-aguilera","https://legadoartesano.castillalamancha.es/sites/default/files/styles/embajador/public/2023-09/Genoveva%20Hita%20decoradora%20telas%202%20%282%29.jpg.webp?itok=ULn1G_fx","Maestro artesano","María Genoveva","Hita Aguilera","Creadora textil. Me inicié en el mundo de la creación artística siendo niña en...","Decoradora de telas"
"https://legadoartesano.castillalamancha.es/guardianes-del-legado-artesano/sagrario-lopez-gallarte","https://legadoartesano.castillalamancha.es/sites/default/files/styles/embajador/public/2023-03/Sagrario%20Lopez%20alfombrera%202%20-%20copia.jpg.webp?itok=M4F978fn","Maestro artesano","Sagrario","López Gallarte","Maestra artesana de la alfombra de nudo español y del tapiz llevo desde el año...","Alfombrera, Esterera"
"https://legadoartesano.castillalamancha.es/guardianes-del-legado-artesano/alberto-molina-garcia","https://legadoartesano.castillalamancha.es/sites/default/files/styles/embajador/public/2025-08/Alberto%20Molina%20%20%281%29.jpg.webp?itok=xelwkArc","Alberto","Molina García","Florista","Desde 1956 llevando flores a los acontecimientos de toda una vida Decoración de...",""
"https://legadoartesano.castillalamancha.es/guardianes-del-legado-artesano/juan-cebrian-villodre","https://legadoartesano.castillalamancha.es/sites/default/files/styles/embajador/public/2023-06/Juan%20Cebrian%20ceramista%202%20%281%29.jpg.webp?itok=I67ue99D","Maestro artesano","Juan","Cebrián Villodre","Cebrián Artesanos es una empresa regentada por la quinta generación de alfareros...","Alfarero"
"https://legadoartesano.castillalamancha.es/guardianes-del-legado-artesano/alvaro-calvo-ortiz","https://legadoartesano.castillalamancha.es/sites/default/files/styles/embajador/public/2024-02/%C3%81lvaro%20Calvo%20cer%C3%A1mica%202.jpg.webp?itok=2ZYuJum6","Alvaro","Calvo Ortiz","Cerámica","PENDIENTE",""
"https://legadoartesano.castillalamancha.es/guardianes-del-legado-artesano/silvia-martin-paccini","https://legadoartesano.castillalamancha.es/sites/default/files/styles/embajador/public/2025-04/silvia%20MARTIN%20PACCINI.jpg.webp?itok=CufA_cAz","Silvia","Martín Paccini","Cerámica","Mi vida profesional ha sido muy diversa, trabajando en ámbitos tan diferentes...",""
"https://legadoartesano.castillalamancha.es/guardianes-del-legado-artesano/laura-lomas","https://legadoartesano.castillalamancha.es/sites/default/files/styles/embajador/public/2025-04/LAURALOMASINAUGURA-89.jpg.webp?itok=ZBKs-6G5","Laura","Lomas","Modista","OFICIO: Desde mi atelier, creo piezas fusionando la artesanía con una visión...",""
"https://legadoartesano.castillalamancha.es/guardianes-del-legado-artesano/miguel-angel-alonso-pena","https://legadoartesano.castillalamancha.es/sites/default/files/styles/embajador/public/2023-10/Miguel%20%C3%81ngel%20Alonso%20dorador%202.jpg.webp?itok=sH5eWCj_","Maestro artesano","Miguel Angel","Alonso Peña","Somos una empresa familiar dedicada a la enmarcación desde 1990. A lo largo de...","Dorador"
"https://legadoartesano.castillalamancha.es/guardianes-del-legado-artesano/luis-emilio-moreno-gento","https://legadoartesano.castillalamancha.es/sites/default/files/styles/embajador/public/2025-08/Luis%20E.%20Moreno%202025%203%20%281%29%20%281%29.jpg.webp?itok=RUSywzmd","Luis Emilio","Moreno Gento","PRODUCTOR/A DE MUEBLES Y OBJETOS DE MIMBRE, JUNCO, CAÑA, PALMA Y OTRAS FIBRAS","Me presento como investigador y artesano del esparto, ambos principios no los...",""
"https://legadoartesano.castillalamancha.es/guardianes-del-legado-artesano/ramon-recuero-ibanez","https://legadoartesano.castillalamancha.es/sites/default/files/styles/embajador/public/2023-12/Ram%C3%B3n%20Recuero%20herrero%202.jpg.webp?itok=Tf-oAvpp","Maestro artesano","Ramón","Recuero Ibáñez","Herrero con más de 30 años de experiencia profesional, empeñado en recuperar...","Forjado"
"https://legadoartesano.castillalamancha.es/guardianes-del-legado-artesano/israel-rodriguez-de-la-rubia-jimenez","https://legadoartesano.castillalamancha.es/sites/default/files/styles/embajador/public/2025-03/Israel%20BN%20-%20Taller_0.jpg.webp?itok=m908J174","Israel","Rodríguez de la Rubia Jiménez","Joyero","Especialidad en joyería, Orfebrería, Talla de piedras preciosas y diseño...",""
"https://legadoartesano.castillalamancha.es/guardianes-del-legado-artesano/maria-jesus-sanchez-benito","https://legadoartesano.castillalamancha.es/sites/default/files/styles/embajador/public/2024-03/Mar%C3%ADa%20Jes%C3%BAs%20S%C3%A1nchez%20cer%C3%A1mica%202.jpg.webp?itok=ZehYH-d9","Maestro artesano","María Jesús","Sánchez Benito","PENDIENTE","Cerámica"
"https://legadoartesano.castillalamancha.es/node/21","https://legadoartesano.castillalamancha.es/sites/default/files/styles/embajador/public/2023-03/Gabriel%20de%20la%20Cal%20ceramista%202%20-%20copia.jpg.webp?itok=0vZxXxkV","Maestro artesano","Gabriel","de la Cal Herrero","Esculpo piezas a mano en piedra natural. Escoplos, martillos, cinceles, gradinas...","Tallista de piedra y marmol"
"https://legadoartesano.castillalamancha.es/guardianes-del-legado-artesano/jesus-carcelen-lopez","https://legadoartesano.castillalamancha.es/sites/default/files/styles/embajador/public/2023-06/Jesus%20Carcelen%20ceramista%202%20%282%29.jpg.webp?itok=YW2-DRhK","Maestro artesano","Jesús","Carcelén López","Artesano con más de 30 años de experiencia, heredados de sus antepasados que se...","Alfarero"
"https://legadoartesano.castillalamancha.es/guardianes-del-legado-artesano/marta-palacios-alberti","https://legadoartesano.castillalamancha.es/sites/default/files/styles/embajador/public/2024-10/Marta%20Palacios.jpg.webp?itok=MQY2s6Eq","Marta","Palacios Alberti","Restauradora","Trabajadora autónoma, formada en Madrid como restauradora en las especialidades...",""
"https://legadoartesano.castillalamancha.es/guardianes-del-legado-artesano/luis-figueredo-olivera-soares","https://legadoartesano.castillalamancha.es/sites/default/files/styles/embajador/public/2024-09/1%20pb_0.jpg.webp?itok=9us4yVx-","Luis","Figueredo Olivera Soares","Cerámica Vidriero artístico","Luís Soares nació el 22 de Agosto en Lourenço Marques (hoy Maputo), Mozambique...",""
"https://legadoartesano.castillalamancha.es/guardianes-del-legado-artesano/jesus-zarza-caceres","https://legadoartesano.castillalamancha.es/sites/default/files/styles/embajador/public/2024-07/PHOTO-2024-07-12-10-55-01_0.jpg.webp?itok=kgH0uSG8","Maestro artesano","Jesús","Zarza Cáceres","Jesús Zarza by New Forge empresa artesana dirigida por el Maestro Artesano Jesús...","Forjado"
"https://legadoartesano.castillalamancha.es/guardianes-del-legado-artesano/carmen-garcia-martinez","https://legadoartesano.castillalamancha.es/sites/default/files/styles/embajador/public/2024-07/Carmela2.jpg.webp?itok=wiQBrsy3","Carmen","García Martínez","Estampadora textil","Mi oficio es la estampación textil artesanal. Desde 2013 estampo y decoro con...",""
"https://legadoartesano.castillalamancha.es/guardianes-del-legado-artesano/jorge-gutierrez-de-la-cal","https://legadoartesano.castillalamancha.es/sites/default/files/styles/embajador/public/2024-09/FOTO%20ARTESANO%20JORGE%20GUTIERREZ%20DE%20LA%20CAL.jpg.webp?itok=ZUHWsPxp","Maestro artesano","Jorge","Gutiérrez de la Cal","Mi familia lleva trabajando en la cerámica desde 1835 y aprendí de mi abuelo, el...","Cerámica"
"https://legadoartesano.castillalamancha.es/guardianes-del-legado-artesano/miguel-angel-sanchez-crespo-rueda","https://legadoartesano.castillalamancha.es/sites/default/files/styles/embajador/public/2024-10/IMG_20240802_165722.jpg.webp?itok=5WJEDHPE","Miguel Angel","Sanchez Crespo Rueda","Cerámica","Ceramista con más de 40 años de profesión, formador y divulgador cerámico ha...",""
"https://legadoartesano.castillalamancha.es/guardianes-del-legado-artesano/maria-del-carmen-fernandez-osa","https://legadoartesano.castillalamancha.es/sites/default/files/styles/embajador/public/2024-09/2dfad198-0631-491e-983d-d4c7edaeff67_0.JPG.webp?itok=MMkpQk7P","Maria del Carmen","Fernández Osa","Cerámica","Formación en la escuela oficial de cerámica Jacinto Alcántara de Madrid, en...",""
"https://legadoartesano.castillalamancha.es/guardianes-del-legado-artesano/victoria-sanchez-campos","https://legadoartesano.castillalamancha.es/sites/default/files/styles/embajador/public/2023-09/Victoria%20S%C3%A1nchez%20Jabonera%202.jpg.webp?itok=rc_L6i6q","Maestro artesano","Victoria","Sánchez Campos","Saper es un laboratorio de cosmética ecológica, donde elaboramos jabones con el...","Jabonera"
"https://legadoartesano.castillalamancha.es/guardianes-del-legado-artesano/jesus-rodriguez-cruz","https://legadoartesano.castillalamancha.es/sites/default/files/styles/embajador/public/2024-09/jesus-rodriguez-forjador-y-herrero%20%281%29%20%281%29.jpg.webp?itok=1F0zE44f","Jesús","Rodriguez Cruz","Herrero","En la actualidad gerente de empresa de Artesana de Forja, donde llevo realizando...",""
"https://legadoartesano.castillalamancha.es/guardianes-del-legado-artesano/francisco-julian-martin-garcia","https://legadoartesano.castillalamancha.es/sites/default/files/styles/embajador/public/2025-07/1000032249%20%281%29.jpg.webp?itok=wUuu6YVC","Maestro artesano","Francisco Julián","Martín García","Mi trayectoria con la escultura comienza a finales de los 90, como una acción...","Vidriero"
"https://legadoartesano.castillalamancha.es/guardianes-del-legado-artesano/maria-teresa-chicharro-galvez","https://legadoartesano.castillalamancha.es/sites/default/files/styles/embajador/public/2023-09/Teresa%20Chicharro%20ceramista%202.jpg.webp?itok=FPMbh36Q","María Teresa","Chicharro Gálvez","Cerámica","Teresa Chicharro Gálvez, nacida en Guadalajara. Estudié cerámica en la escuela...",""
"https://legadoartesano.castillalamancha.es/guardianes-del-legado-artesano/patricia-ruiz-carmona","https://legadoartesano.castillalamancha.es/sites/default/files/styles/embajador/public/2025-10/FOTO%20PATU.jpeg.webp?itok=06wvLgVp","Patricia","Ruiz Carmona","Alfombrera y esterera","ESPARTERA, ESTERERA. Desde hace más de 5 años mezclo y combino las técnicas...",""
"https://legadoartesano.castillalamancha.es/guardianes-del-legado-artesano/andrea-munoz-canadas","https://legadoartesano.castillalamancha.es/sites/default/files/styles/embajador/public/2025-11/FOTO%20ARTESANO%20BYN%20%281%29.jpg.webp?itok=w0HFZOpc","Andrea","Muñoz Cañadas","Diseñadora","Desde 2021 fusiono la tradición con una visión contemporánea, creando piezas...",""
"https://legadoartesano.castillalamancha.es/guardianes-del-legado-artesano/antonio-arellano-hernandez","https://legadoartesano.castillalamancha.es/sites/default/files/styles/embajador/public/2024-12/imagen%20artesano.png.webp?itok=-LaFCmAZ","Antonio","Arellano Hernández","Espadero","Empecé en el taller de mi padre con tan solo 16 años, en aquel momento ya estaba...",""
"https://legadoartesano.castillalamancha.es/guardianes-del-legado-artesano/raquel-de-la-torre-serrano","https://legadoartesano.castillalamancha.es/sites/default/files/styles/embajador/public/2024-05/Raquel%20de%20la%20Torre%20Serrano.jpg.webp?itok=wLqVDVYh","Raquel","de la Torre Serrano","Damasquinado","Raquel de la Torre Serrano ha seguido con la tradición familiar de su padre...",""
"https://legadoartesano.castillalamancha.es/guardianes-del-legado-artesano/laura-perez-privado","https://legadoartesano.castillalamancha.es/sites/default/files/styles/embajador/public/2024-10/IMG-20241009-WA0002%20%281%29.jpg.webp?itok=2Y_DXojA","Laura","Pérez Privado","Cerámica","Licenciada en Bellas Artes por la Facultad de Bellas Artes de Sevilla, en 2010...",""
"https://legadoartesano.castillalamancha.es/guardianes-del-legado-artesano/francisco-javier-martinez-molina","https://legadoartesano.castillalamancha.es/sites/default/files/styles/embajador/public/2023-03/Francisco%20Javier%20Martinez%20cuchillero%202%20-%20copia.jpg.webp?itok=mjCYD40g","Maestro artesano","Francisco Javier","Martínez Molina","Es el oficio del artesano que fabrica cuchillos, navajas u otros instrumentos...","Cuchillero y Navajero"
"https://legadoartesano.castillalamancha.es/guardianes-del-legado-artesano/juan-manuel-marcilla-marin","https://legadoartesano.castillalamancha.es/sites/default/files/styles/embajador/public/2023-12/Juan%20Manuel%20Marcilla%20mimbre%202.jpg.webp?itok=WEMXV73_","Maestro artesano","Juan Manuel","Marcilla Marín","Mi vida profesional se ha desarrollado desde el inicio, y ya van treinta años...","Productor de muebles y objetos de mimbre, junco, caña, palma y otras fibras"
"https://legadoartesano.castillalamancha.es/guardianes-del-legado-artesano/berta-lopez-diaz","https://legadoartesano.castillalamancha.es/sites/default/files/styles/embajador/public/2024-11/Foto%20legado_Berta%20Lopez.png.webp?itok=50H7Fngb","Berta","López Díaz","Cerámica","La Jara es el proyecto personal de Berta Lopez Diaz (Ciudad Real, 1991), en el...",""
"https://legadoartesano.castillalamancha.es/guardianes-del-legado-artesano/antonio-roncero-oliver-0","https://legadoartesano.castillalamancha.es/sites/default/files/styles/embajador/public/2024-03/IMG-20240315-WA0001.jpg.webp?itok=SW9hVMoK","Antonio","Roncero Oliver","Cuchillero y Navajero","Casa fundada por mi abuelo por José Mª Roncero Roncero en 1950 a la que se unió...",""
"https://legadoartesano.castillalamancha.es/guardianes-del-legado-artesano/irene-garcia-hernandez","https://legadoartesano.castillalamancha.es/sites/default/files/styles/embajador/public/2024-08/artesana.jpg.webp?itok=e4166JmB","Irene","García Hernández","Diseñadora textil","Mi oficio es el de diseñadora textil realizando bisutería soutache. Se trata de...",""
"https://legadoartesano.castillalamancha.es/guardianes-del-legado-artesano/ignacio-paniagua-jimenez","https://legadoartesano.castillalamancha.es/sites/default/files/styles/embajador/public/2023-03/Ignacio%20Paniagua%20Tallista%202%20-%20copia.jpg.webp?itok=eoll4LUl","Maestro artesano","Ignacio","Paniagua Jiménez","Taller artesano dedicado a la talla, escultura y restauración en madera, panes...","Tallista de Madera Decorador de muebles Imaginero Carpintero"
"https://legadoartesano.castillalamancha.es/guardianes-del-legado-artesano/maria-mercedes-pavon-salinero","https://legadoartesano.castillalamancha.es/sites/default/files/styles/embajador/public/2024-10/Mercedes%20-%20copia%202.jpg.webp?itok=U3KEwrEE","María Mercedes","Pavón Salinero","Marroquinera","Desde el 2011 me dedico al diseño y confección de artículos de cuero, tanto para...",""
"https://legadoartesano.castillalamancha.es/guardianes-del-legado-artesano/enrique-redondo-fernandez","https://legadoartesano.castillalamancha.es/sites/default/files/styles/embajador/public/2024-03/Enrique%20Redondo.jpg.webp?itok=vp3wmTxT","Enrique","Redondo Fernández","Elaborador de objetos de cartón piedra","PREMIOS OBTENIDOS: · Finalista Premio Diseño Aplicado a la Artesanía 2023...",""
"https://legadoartesano.castillalamancha.es/guardianes-del-legado-artesano/tomas-bustamante-monedero","https://legadoartesano.castillalamancha.es/sites/default/files/styles/embajador/public/2023-03/Tomas%20Bustamante%20ceramista%202%20-%20copia.jpg.webp?itok=yzn_i_cM","Maestro artesano","Tomas","Bustamante Monedero","La obra de Tomás Bux es personal e inconfundible. Al realismo que deja entrever...","Ceramista"
"https://legadoartesano.castillalamancha.es/guardianes-del-legado-artesano/enrique-ramirez-sanchez-diezma","https://legadoartesano.castillalamancha.es/sites/default/files/styles/embajador/public/2024-08/FotoEnrique%20%28002%29.jpg.webp?itok=DznGicyZ","Enrique","Ramírez Sanchez-Diezma","Carpintero","Mi trayectoria profesional comienza en el año 2.000 teniendo como enfoque el...",""
"https://legadoartesano.castillalamancha.es/guardianes-del-legado-artesano/eugenio-morcillo-blazquez","https://legadoartesano.castillalamancha.es/sites/default/files/styles/embajador/public/2024-08/IMG_20240814_162021.jpg.webp?itok=PN_pF28D","Eugenio","Morcillo Blazquez","Restaurador","Restaurado de metales. El oficio lo llevo desempeñando desde 1997 por cuenta...",""
"https://legadoartesano.castillalamancha.es/guardianes-del-legado-artesano/nono-martin-luna","https://legadoartesano.castillalamancha.es/sites/default/files/styles/embajador/public/2023-07/Nono%20Mart%C3%ADn%20Herrero%202%20%283%29.jpg.webp?itok=iLPwW6cd","Maestro artesano","Nono","Martín Luna","Nono es el diminutivo familiar y popular por el que se conoce a este Maestro...","Forjado Herrero"
"https://legadoartesano.castillalamancha.es/guardianes-del-legado-artesano/santiago-flores-macia","https://legadoartesano.castillalamancha.es/sites/default/files/styles/embajador/public/2025-06/mia1.jpg.webp?itok=_p-N8DtE","Santiago","Flores Macia","Metalistero","Mi primer vínculo con la artesanía del metal surgió de manera casual, al obtener...",""
"https://legadoartesano.castillalamancha.es/guardianes-del-legado-artesano/antonio-martinez-molina","https://legadoartesano.castillalamancha.es/sites/default/files/styles/embajador/public/2023-03/Antonio%20Martinez%20Molina%20cuchillero%202%20-%20copia.jpg.webp?itok=BLTbPHNo","Maestro artesano","Antonio","Martínez Molina","Cuchillería Celaya fue fundada en 1920 en la ciudad de Albacete, contando con...","Cuchillero y Navajero"
"https://legadoartesano.castillalamancha.es/guardianes-del-legado-artesano/jose-luis-galan-cogolludo","https://legadoartesano.castillalamancha.es/sites/default/files/styles/embajador/public/2024-09/2024-09-13-0001%20%283%29-2%20copia.jpg.webp?itok=JlDbwx2t","José Luis","Galán Cogolludo","Guarnicionero","Soy artesano guarnicionero. Crecí rodeado de coches (mi padre dirigía una auto...",""
"https://legadoartesano.castillalamancha.es/guardianes-del-legado-artesano/juan-antonio-zamorano-garcia-moreno","https://legadoartesano.castillalamancha.es/sites/default/files/styles/embajador/public/2024-07/WhatsApp%20Image%202024-05-28%20at%2023.05.08%20%283%29.jpeg.webp?itok=HctyY6zo","Juan Antonio","Zamorano García-Moreno","Joyero","Estigma nace del cariño a nuestras raíces campesinas. Es un homenaje a las...",""
"https://legadoartesano.castillalamancha.es/guardianes-del-legado-artesano/roberto-perea-sanchez","https://legadoartesano.castillalamancha.es/sites/default/files/styles/embajador/public/2024-07/Roberto%20BN.jpg.webp?itok=tbHdL9hG","Roberto","Perea Sánchez","Cerámica","Cerámica Franpesa es una empresa familiar con más de 30 añas de antigüedad, su...",""
"https://legadoartesano.castillalamancha.es/guardianes-del-legado-artesano/luis-machi-gomez","https://legadoartesano.castillalamancha.es/sites/default/files/styles/embajador/public/2023-03/Luis%20Machi%20vidriero%202%20-%20copia.jpg.webp?itok=4Mm2gMFR","Maestro artesano","Luis","Machí Gómez","PREMIOS OBTENIDOS Premio Producto 2016. Premio Producto 2017. Premio Producto...","Vidriero Tornero"
"https://legadoartesano.castillalamancha.es/guardianes-del-legado-artesano/maria-del-prado-gutierrez-gracia","https://legadoartesano.castillalamancha.es/sites/default/files/styles/embajador/public/2025-11/II%20Maria%20del%20prado%20Gutierrez%20Garc%C3%ADa.jpg.webp?itok=KKhbFXuJ","María del Prado","Gutiérrez Gracia","Bordado","Comencé mis primeros bordados en casa y en el colegio, siempre guiada por mi...",""
"https://legadoartesano.castillalamancha.es/guardianes-del-legado-artesano/jose-ignacio-gonzalez-garcia","https://legadoartesano.castillalamancha.es/sites/default/files/styles/embajador/public/2024-09/Foto%20artesano%20en%20B-N.jpg.webp?itok=bkk5H5pd","Jose Ignacio","González García","Carpintero","En Antigüedades EL MIELERO, contamos con más de 25 años de experiencia en el...",""
"https://legadoartesano.castillalamancha.es/guardianes-del-legado-artesano/adolfo-manzano-serrano","https://legadoartesano.castillalamancha.es/sites/default/files/styles/embajador/public/2024-12/MANZANO%20%20EN%20EL%20PINTADOR%20DE%20SU%20TALLER_0.jpg.webp?itok=Wt3Gweeh","Adolfo","Manzano Serrano","Cerámica","Somos un taller activo que inicia su andadura en 1987 ofreciendo sus piezas de...",""
"https://legadoartesano.castillalamancha.es/guardianes-del-legado-artesano/gregorio-peno-gallego","https://legadoartesano.castillalamancha.es/sites/default/files/styles/embajador/public/2024-02/Gregorio%20Pe%C3%B1o%20cer%C3%A1mica%202.jpg.webp?itok=Tk9PxMg1","Gregorio","Peño Gallego","Cerámica","La alfarería lleva el nombre de Gregorio Peño por Gregorio Peño González padre...",""
"https://legadoartesano.castillalamancha.es/guardianes-del-legado-artesano/adolfo-perez-martin","https://legadoartesano.castillalamancha.es/sites/default/files/styles/embajador/public/2024-03/Foto%20artesano%20BN.jpg.webp?itok=6ajYI6O8","Adolfo","Pérez Martín","Marquetero","En el año 1978 decidí hacer de la creación artesana mi modo de vida. Elegí el...",""
"https://legadoartesano.castillalamancha.es/guardianes-del-legado-artesano/ernesto-rodriguez-ortega","https://legadoartesano.castillalamancha.es/sites/default/files/styles/embajador/public/2024-11/legado%20artesano%20castilla-la%20mancha.jpg.webp?itok=wON3YW_n","Maestro artesano","Ernesto","Rodriguez Ortega","Empecé con 15 años (año 1979) a trabajar en el taller familiar, que se dedicaba...","Carpintero"
"https://legadoartesano.castillalamancha.es/guardianes-del-legado-artesano/ruben-fabuel","https://legadoartesano.castillalamancha.es/sites/default/files/styles/embajador/public/2025-07/b571f5a0-98d2-4f45-bd81-47dd9707ddfd.jpg.webp?itok=JRt4MLZX","Maestro artesano","Ruben","Fabuel","Nacido en una familia de carpinteros de 4ª generación, comencé mi andadura con...","Marquetero"
"https://legadoartesano.castillalamancha.es/guardianes-del-legado-artesano/francisco-fernandez-garcia","https://legadoartesano.castillalamancha.es/sites/default/files/styles/embajador/public/2023-06/Francisco%20Fernandez%20ceramista%202%20%281%29.jpg.webp?itok=0_EIjwgM","Maestro artesano","Francisco","Fernández García","PREMIOS OBTENIDOS Finalista premio Producto 2019. OFICIO Cuando me inicié en la...","Cerámica"
"https://legadoartesano.castillalamancha.es/guardianes-del-legado-artesano/dulcinea-lopez-arce","https://legadoartesano.castillalamancha.es/sites/default/files/styles/embajador/public/2024-08/DULCI13%20copia.jpg.webp?itok=dWyA0bEt","Dulcinea","López Arce","Cerámica","Dulcinea López Arce, nacida en Villagarcía del Llano (Cuenca), descubre el mundo...",""
"https://legadoartesano.castillalamancha.es/guardianes-del-legado-artesano/maria-angeles-rodriguez-brotons","https://legadoartesano.castillalamancha.es/sites/default/files/styles/embajador/public/2024-09/Fotograf%C3%ADa%20M.%20%C3%81ngeles%20Bamb%C3%BA%20Velas%20de%20Soja_0.jpg.webp?itok=hrjxoZ0k","María Ángeles","Rodríguez Brotons","Cerera","Comencé mi andadura haciendo y vendiendo velas de soja en 2020, en plena...",""
"https://legadoartesano.castillalamancha.es/guardianes-del-legado-artesano/juan-luis-cebrian-villodre","https://legadoartesano.castillalamancha.es/sites/default/files/styles/embajador/public/2023-03/Luis%20Cebrian%20ceramista%202%20-%20copia.jpg.webp?itok=YzEJhwtj","Maestro artesano","Juan Luis","Cebrián Villodre","Cebrián Artesanos es una empresa regentada por la quinta generación de alfareros...","Cerámica"
"https://legadoartesano.castillalamancha.es/guardianes-del-legado-artesano/pilar-callado-mateo","https://legadoartesano.castillalamancha.es/sites/default/files/styles/embajador/public/2024-10/IMAGEN%20RECORTADA.jpg.webp?itok=9VplMkrM","Maestro artesano","Pilar","Callado Mateo","Pilar Artesanía es una tienda especializada en puntillas, encajes, tiras...","Bordado"
"https://legadoartesano.castillalamancha.es/guardianes-del-legado-artesano/maria-luisa-jeronimo-carchenilla","https://legadoartesano.castillalamancha.es/sites/default/files/styles/embajador/public/2024-09/FOTO%20EN%20BLANCO%20Y%20NEGRO%20_0.jpg.webp?itok=6TpKhrNg","María Luisa","Jerónimo Carchenilla","Florista","En 2005 comienzo mis cursos como florista, realizo técnica de base en la Escuela...",""